keyword,clinic,page
10x health system,"10X Health System",profile
10x health system reviews,"10X Health System",reviews
agerejuvenation,"AgeRejuvenation",profile
agerejuvenation reviews,"AgeRejuvenation",reviews
boulder biologics,"Boulder Biologics",profile
boulder biologics reviews,"Boulder Biologics",reviews
cellaxys,"CELLAXYS",profile
cellaxys reviews,"CELLAXYS",reviews
centeno schultz clinic,"Centeno-Schultz Clinic",profile
centeno schultz clinic reviews,"Centeno-Schultz Clinic",reviews
docere clinics,"Docere Clinics",profile
docere clinics reviews,"Docere Clinics",reviews
forever labs,"Forever Labs",profile
forever labs reviews,"Forever Labs",reviews
fountain life,"Fountain Life",profile
fountain life reviews,"Fountain Life",reviews
innovations stem cell center,"Innovations Stem Cell Center",profile
innovations stem cell center reviews,"Innovations Stem Cell Center",reviews
next health,"Next Health",profile
next health reviews,"Next Health",reviews
r3 stem cell,"R3 Stem Cell",profile
r3 stem cell reviews,"R3 Stem Cell",reviews
regeneration clinic of panama,"Regeneration Clinic of Panama",profile
regeneration clinic of panama reviews,"Regeneration Clinic of Panama",reviews
stemedix,"Stemedix, Inc.",profile
stemedix reviews,"Stemedix, Inc.",reviews
stemulus innovative healthcare,"Stemulus Innovative Healthcare",profile
stemulus innovative healthcare reviews,"Stemulus Innovative Healthcare",reviews
ways2well,"Ways2Well",profile
ways2well reviews,"Ways2Well",reviews
